epoch,created_at
0,2020-01-08 06:25:50.143720
0,2020-01-08 06:26:16.283527
0,2020-01-08 06:26:39.487863
0,2020-01-08 06:27:00.661328
0,2020-01-08 06:27:20.245771
0,2020-01-08 06:27:40.778062
0,2020-01-08 06:27:59.989039
0,2020-01-08 06:28:17.915877
0,2020-01-08 06:28:36.141853
0,2020-01-08 06:28:52.961084
0,2020-01-08 06:29:09.802635
0,2020-01-08 06:29:27.405193
0,2020-01-08 06:29:45.102415
0,2020-01-08 06:30:01.819042
0,2020-01-08 06:30:19.194627
0,2020-01-08 06:30:37.396621
0,2020-01-08 06:30:54.666999
0,2020-01-08 06:31:12.707126
0,2020-01-08 06:31:30.123481
0,2020-01-08 06:31:47.174217
0,2020-01-08 06:32:05.535959
0,2020-01-08 06:32:28.280188
0,2020-01-08 06:32:47.455748
0,2020-01-08 06:33:05.871738
0,2020-01-08 06:33:25.204576
0,2020-01-08 06:33:44.886269
0,2020-01-08 06:34:07.559857
0,2020-01-08 06:34:30.375719
0,2020-01-08 06:35:02.605095
0,2020-01-08 06:35:33.104182
0,2020-01-08 06:35:59.983854
0,2020-01-08 06:36:27.772164
0,2020-01-08 06:36:52.051962
0,2020-01-08 06:37:16.181491
0,2020-01-08 06:37:43.030424
0,2020-01-08 06:38:06.101319
0,2020-01-08 06:38:30.019050
0,2020-01-08 06:38:54.190826
0,2020-01-08 06:39:20.676199
0,2020-01-08 06:39:40.705856
0,2020-01-08 06:39:58.792251
0,2020-01-08 06:40:16.903389
0,2020-01-08 06:40:35.052435
0,2020-01-08 06:40:52.184249
0,2020-01-08 06:41:08.769289
0,2020-01-08 06:41:26.267428
0,2020-01-08 06:41:44.562525
0,2020-01-08 06:42:03.646768
0,2020-01-08 06:42:26.824384
0,2020-01-08 06:42:48.384299
0,2020-01-08 06:43:10.751421
0,2020-01-08 06:43:35.039135
0,2020-01-08 06:43:58.303952
0,2020-01-08 06:44:19.922029
